model,country,domain,forecast_horizon,runtime
TimeGPT-1,Côte d'Ivoire,Family Planning,1,4
TimeGPT-1-FT,Côte d'Ivoire,Family Planning,1,14.3
TimeGPT-1,Côte d'Ivoire,Family Planning,3,2.4
TimeGPT-1-FT,Côte d'Ivoire,Family Planning,3,5.7
TimeGPT-1,Côte d'Ivoire,Family Planning,6,2
TimeGPT-1-FT,Côte d'Ivoire,Family Planning,6,7.3
TimeGPT-1,Lao,Family Planning,1,5.1
TimeGPT-1-FT,Lao,Family Planning,1,22.9
TimeGPT-1,Lao,Pharmaceutical,1,55.8
TimeGPT-1-FT,Lao,Pharmaceutical,1,56.5
TimeGPT-1,Lao,Family Planning,3,3.8
TimeGPT-1-FT,Lao,Family Planning,3,7.7
TimeGPT-1,Lao,Pharmaceutical,3,25.4
TimeGPT-1-FT,Lao,Pharmaceutical,3,37.9
TimeGPT-1,Lao,Family Planning,6,2.9
TimeGPT-1-FT,Lao,Family Planning,6,12.4
TimeGPT-1,Lao,Pharmaceutical,6,21.9
TimeGPT-1-FT,Lao,Pharmaceutical,6,18.5
TimeGPT-1,Pakistan,Family Planning,1,6.2
TimeGPT-1-FT,Pakistan,Family Planning,1,31.1
TimeGPT-1,Pakistan,Family Planning,3,3.6
TimeGPT-1-FT,Pakistan,Family Planning,3,9.3
TimeGPT-1,Pakistan,Family Planning,6,2.9
TimeGPT-1-FT,Pakistan,Family Planning,6,6
Chronos-t5-tiny,Côte d'Ivoire,Family Planning,1,14289.1
Chronos-t5-tiny,Côte d'Ivoire,Family Planning,2,2896.35
Chronos-t5-tiny,Côte d'Ivoire,Family Planning,3,1915.15
Chronos-t5-tiny,Lao,Family Planning,1,11595.9
Chronos-t5-tiny,Lao,Family Planning,3,5171.9
Chronos-t5-tiny,Lao,Family Planning,6,1980.3
Chronos-t5-tiny,Pakistan,Family Planning,1,38945.4
Chronos-t5-tiny,Pakistan,Family Planning,3,9637
Chronos-t5-tiny,Pakistan,Family Planning,6,5405.9
AutoARIMA,Côte d'Ivoire,Family Planning,1,2085
AutoARIMA,Côte d'Ivoire,Family Planning,3,656.9
AutoARIMA,Côte d'Ivoire,Family Planning,6,270.7
AutoARIMA,Lao,Family Planning,1,2192.8
AutoARIMA,Lao,Family Planning,3,714.2
AutoARIMA,Lao,Family Planning,6,387.3
AutoARIMA,Pakistan,Family Planning,1,6974
AutoARIMA,Pakistan,Family Planning,3,847.3
AutoARIMA,Pakistan,Family Planning,6,364.7
Mean,Côte d'Ivoire,Family Planning,1,160.5
Mean,Côte d'Ivoire,Family Planning,3,50
Mean,Côte d'Ivoire,Family Planning,6,25.2
Mean,Lao,Family Planning,1,154.9
Mean,Lao,Family Planning,3,52.2
Mean,Lao,Family Planning,6,26
Mean,Pakistan,Family Planning,1,154.1
Mean,Pakistan,Family Planning,3,51.8
Mean,Pakistan,Family Planning,6,26.1
Naive,Côte d'Ivoire,Family Planning,1,160.5
Naive,Côte d'Ivoire,Family Planning,3,51.5
Naive,Côte d'Ivoire,Family Planning,6,26.1
Naive,Lao,Family Planning,1,149.6
Naive,Lao,Family Planning,3,50.8
Naive,Lao,Family Planning,6,25.4
Naive,Pakistan,Family Planning,1,149
Naive,Pakistan,Family Planning,3,49.6
Naive,Pakistan,Family Planning,6,26.7
AutoETS,Côte d'Ivoire,Family Planning,1,217
AutoETS,Côte d'Ivoire,Family Planning,3,77.2
AutoETS,Côte d'Ivoire,Family Planning,6,37.3
AutoETS,Lao,Family Planning,1,257.2
AutoETS,Lao,Family Planning,3,84.9
AutoETS,Lao,Family Planning,6,41.6
AutoETS,Pakistan,Family Planning,1,276.1
AutoETS,Pakistan,Family Planning,3,92.3
AutoETS,Pakistan,Family Planning,6,45.9
Chronos-bolt-tiny,Côte d'Ivoire,Family Planning,1,544.6
Chronos-bolt-tiny,Côte d'Ivoire,Family Planning,3,176.1
Chronos-bolt-tiny,Côte d'Ivoire,Family Planning,6,88.8
Chronos-bolt-tiny,Lao,Family Planning,1,784.8
Chronos-bolt-tiny,Lao,Family Planning,3,281.8
Chronos-bolt-tiny,Lao,Family Planning,6,140
Chronos-bolt-tiny,Pakistan,Family Planning,1,1113.1
Chronos-bolt-tiny,Pakistan,Family Planning,3,382
Chronos-bolt-tiny,Pakistan,Family Planning,6,122
Chronos-bolt-mini,Côte d'Ivoire,Family Planning,1,1662
Chronos-bolt-mini,Côte d'Ivoire,Family Planning,3,528.9
Chronos-bolt-mini,Côte d'Ivoire,Family Planning,6,240.9
Chronos-bolt-mini,Lao,Family Planning,1,750.7
Chronos-bolt-mini,Lao,Family Planning,3,143
Chronos-bolt-mini,Lao,Family Planning,6,65.7
Chronos-bolt-mini,Pakistan,Family Planning,1,559.8
Chronos-bolt-mini,Pakistan,Family Planning,3,181.9
Chronos-bolt-mini,Pakistan,Family Planning,6,91.8
Croston-classic,Côte d'Ivoire,Family Planning,1,220.8
Croston-classic,Côte d'Ivoire,Family Planning,3,72.3
Croston-classic,Côte d'Ivoire,Family Planning,6,35.9
Croston-classic,Lao,Family Planning,1,214.2
Croston-classic,Lao,Family Planning,3,72.1
Croston-classic,Lao,Family Planning,6,36.9
Croston-classic,Pakistan,Family Planning,1,211.2
Croston-classic,Pakistan,Family Planning,3,71.7
Croston-classic,Pakistan,Family Planning,6,35.4
CrostonSBA,Côte d'Ivoire,Family Planning,1,9.7
CrostonSBA,Côte d'Ivoire,Family Planning,3,9.2
CrostonSBA,Côte d'Ivoire,Family Planning,6,8.7
CrostonSBA,Lao,Family Planning,1,10.3
CrostonSBA,Lao,Family Planning,3,10
CrostonSBA,Lao,Family Planning,6,11.4
CrostonSBA,Pakistan,Family Planning,1,10.2
CrostonSBA,Pakistan,Family Planning,3,10
CrostonSBA,Pakistan,Family Planning,6,10.2
Chronos-bolt-small,Côte d'Ivoire,Family Planning,1,1327.8
Chronos-bolt-small,Côte d'Ivoire,Family Planning,3,449.1
Chronos-bolt-small,Côte d'Ivoire,Family Planning,6,226.3
Chronos-bolt-small,Lao,Family Planning,1,1068.3
Chronos-bolt-small,Lao,Family Planning,3,387.7
Chronos-bolt-small,Lao,Family Planning,6,184.3
Chronos-bolt-small,Pakistan,Family Planning,1,1974.6
Chronos-bolt-small,Pakistan,Family Planning,3,912.6
Chronos-bolt-small,Pakistan,Family Planning,6,484.1
Chronos-bolt-base,Côte d'Ivoire,Family Planning,1,5644.6
Chronos-bolt-base,Côte d'Ivoire,Family Planning,3,3623.5
Chronos-bolt-base,Côte d'Ivoire,Family Planning,6,1754.7
Chronos-bolt-base,Lao,Family Planning,1,2658.4
Chronos-bolt-base,Lao,Family Planning,3,868
Chronos-bolt-base,Lao,Family Planning,6,412.9
Chronos-bolt-base,Pakistan,Family Planning,1,3491.9
Chronos-bolt-base,Pakistan,Family Planning,3,1168.3
Chronos-bolt-base,Pakistan,Family Planning,6,577.3
Chronos-t5-mini,Côte d'Ivoire,Family Planning,1,30017.4
Chronos-t5-mini,Côte d'Ivoire,Family Planning,3,16668.2
Chronos-t5-mini,Côte d'Ivoire,Family Planning,6,9822.6
Chronos-t5-mini,Lao,Family Planning,1,14242.4
Chronos-t5-mini,Lao,Family Planning,3,5962
Chronos-t5-mini,Lao,Family Planning,6,7361.2
Chronos-t5-mini,Pakistan,Family Planning,1,30819.4
Chronos-t5-mini,Pakistan,Family Planning,3,17149.3
Chronos-t5-mini,Pakistan,Family Planning,6,6970
TimesFM-1.0-200m,Côte d'Ivoire,Family Planning,1,3677.2
TimesFM-1.0-200m,Côte d'Ivoire,Family Planning,3,1302.5
TimesFM-1.0-200m,Côte d'Ivoire,Family Planning,6,667.5
TimesFM-1.0-200m,Lao,Family Planning,1,5618.8
TimesFM-1.0-200m,Lao,Family Planning,3,1615.5
TimesFM-1.0-200m,Lao,Family Planning,6,734.6
TimesFM-1.0-200m,Pakistan,Family Planning,1,2497
TimesFM-1.0-200m,Pakistan,Family Planning,3,484.8
TimesFM-1.0-200m,Pakistan,Family Planning,6,242
Moirai-1.0-R-small,Côte d'Ivoire,Family Planning,1,14173.9
Moirai-1.0-R-small,Côte d'Ivoire,Family Planning,3,5648.6
Moirai-1.0-R-small,Côte d'Ivoire,Family Planning,6,2835.9
Moirai-1.0-R-small,Lao,Family Planning,1,14926.4
Moirai-1.0-R-small,Lao,Family Planning,3,2728.7
Moirai-1.0-R-small,Lao,Family Planning,6,1334.4
Moirai-1.0-R-small,Pakistan,Family Planning,1,7312.5
Moirai-1.0-R-small,Pakistan,Family Planning,3,2427
Moirai-1.0-R-small,Pakistan,Family Planning,6,1254.2
Moirai-2.0-R-small,Côte d'Ivoire,Family Planning,1,5109.4
Moirai-2.0-R-small,Côte d'Ivoire,Family Planning,3,1718.6
Moirai-2.0-R-small,Côte d'Ivoire,Family Planning,6,854.4
Moirai-2.0-R-small,Lao,Family Planning,1,2563.9
Moirai-2.0-R-small,Lao,Family Planning,3,884.8
Moirai-2.0-R-small,Lao,Family Planning,6,402.3
Moirai-2.0-R-small,Pakistan,Family Planning,1,2215.7
Moirai-2.0-R-small,Pakistan,Family Planning,3,796.9
Moirai-2.0-R-small,Pakistan,Family Planning,6,359.8
TiRex,Côte d'Ivoire,Family Planning,1,14085.5
TiRex,Côte d'Ivoire,Family Planning,3,4859.9
TiRex,Côte d'Ivoire,Family Planning,6,1258.5
TiRex,Lao,Family Planning,1,11482.1
TiRex,Lao,Family Planning,3,2432.3
TiRex,Lao,Family Planning,6,1211.5
TiRex,Pakistan,Family Planning,1,8032.3
TiRex,Pakistan,Family Planning,3,5090
TiRex,Pakistan,Family Planning,6,2507.9
FlowState,Côte d'Ivoire,Family Planning,1,337.7
FlowState,Côte d'Ivoire,Family Planning,3,110.7
FlowState,Côte d'Ivoire,Family Planning,6,48.4
FlowState,Lao,Family Planning,1,293.6
FlowState,Lao,Family Planning,3,97.2
FlowState,Lao,Family Planning,6,49.1
FlowState,Pakistan,Family Planning,1,548.4
FlowState,Pakistan,Family Planning,3,175.5
FlowState,Pakistan,Family Planning,6,84.5
FlowState-R1,Côte d'Ivoire,Family Planning,1,343.2
FlowState-R1,Côte d'Ivoire,Family Planning,3,105.2
FlowState-R1,Côte d'Ivoire,Family Planning,6,74.1
FlowState-R1,Lao,Family Planning,1,645.5
FlowState-R1,Lao,Family Planning,3,206.3
FlowState-R1,Lao,Family Planning,6,112
FlowState-R1,Pakistan,Family Planning,1,1190.9
FlowState-R1,Pakistan,Family Planning,3,386.3
FlowState-R1,Pakistan,Family Planning,6,183
Chronos-t5-small,Côte d'Ivoire,Family Planning,1,45436.2
Chronos-t5-small,Côte d'Ivoire,Family Planning,3,10459.6
Chronos-t5-small,Côte d'Ivoire,Family Planning,6,6701
Chronos-t5-small,Lao,Family Planning,1,31115.7
Chronos-t5-small,Lao,Family Planning,3,14053.6
Chronos-t5-small,Lao,Family Planning,6,11244.2
Chronos-t5-small,Pakistan,Family Planning,1,171283.3
Chronos-t5-small,Pakistan,Family Planning,3,187532
Chronos-t5-small,Pakistan,Family Planning,6,136986.7
Chronos-2,Côte d'Ivoire,Family Planning,1,111.9
Chronos-2,Côte d'Ivoire,Family Planning,3,262.8
Chronos-2,Côte d'Ivoire,Family Planning,6,21.6
Chronos-2,Lao,Family Planning,1,109.2
Chronos-2,Lao,Family Planning,3,39.1
Chronos-2,Lao,Family Planning,6,18.4
Chronos-2,Pakistan,Family Planning,1,275.4
Chronos-2,Pakistan,Family Planning,3,42.4
Chronos-2,Pakistan,Family Planning,6,21.4
Chronos-2-small,Côte d'Ivoire,Family Planning,1,72.9
Chronos-2-small,Côte d'Ivoire,Family Planning,3,24.5
Chronos-2-small,Côte d'Ivoire,Family Planning,6,12.5
Chronos-2-small,Lao,Family Planning,1,73.1
Chronos-2-small,Lao,Family Planning,3,24.7
Chronos-2-small,Lao,Family Planning,6,12.7
Chronos-2-small,Pakistan,Family Planning,1,455.6
Chronos-2-small,Pakistan,Family Planning,3,25.3
Chronos-2-small,Pakistan,Family Planning,6,12.9
Chronos-2-synth,Côte d'Ivoire,Family Planning,1,113
Chronos-2-synth,Côte d'Ivoire,Family Planning,3,37.6
Chronos-2-synth,Côte d'Ivoire,Family Planning,6,17.9
Chronos-2-synth,Lao,Family Planning,1,110.2
Chronos-2-synth,Lao,Family Planning,3,36.6
Chronos-2-synth,Lao,Family Planning,6,18.4
Chronos-2-synth,Pakistan,Family Planning,1,131.5
Chronos-2-synth,Pakistan,Family Planning,3,43.5
Chronos-2-synth,Pakistan,Family Planning,6,22.2
Chronos-2-FT,Côte d'Ivoire,Family Planning,1,825.0333333
Chronos-2-FT,Côte d'Ivoire,Family Planning,3,1000.033333
Chronos-2-FT,Côte d'Ivoire,Family Planning,6,634.7333333
Chronos-2-FT,Lao,Family Planning,1,2949.333333
Chronos-2-FT,Lao,Family Planning,3,1343.233333
Chronos-2-FT,Lao,Family Planning,6,1307.433333
Chronos-2-FT,Pakistan,Family Planning,1,4736.3
Chronos-2-FT,Pakistan,Family Planning,3,1747.6
Chronos-2-FT,Pakistan,Family Planning,6,1707
Chronos-2-FT-Full,Côte d'Ivoire,Family Planning,1,941.2666667
Chronos-2-FT-Full,Côte d'Ivoire,Family Planning,3,619.3666667
Chronos-2-FT-Full,Côte d'Ivoire,Family Planning,6,537.7666667
Chronos-2-FT-Full,Lao,Family Planning,1,939.3666667
Chronos-2-FT-Full,Lao,Family Planning,3,621.9666667
Chronos-2-FT-Full,Lao,Family Planning,6,539.8666667
Chronos-2-FT-Full,Pakistan,Family Planning,1,932.3666667
Chronos-2-FT-Full,Pakistan,Family Planning,3,619.6666667
Chronos-2-FT-Full,Pakistan,Family Planning,6,539.8666667
Chronos-2-FT-LoRA,Côte d'Ivoire,Family Planning,1,761.4
Chronos-2-FT-LoRA,Côte d'Ivoire,Family Planning,3,515.2
Chronos-2-FT-LoRA,Côte d'Ivoire,Family Planning,6,451.7
Chronos-2-FT-LoRA,Lao,Family Planning,1,601.5
Chronos-2-FT-LoRA,Lao,Family Planning,3,356.5
Chronos-2-FT-LoRA,Lao,Family Planning,6,292.9
Chronos-2-FT-LoRA,Pakistan,Family Planning,1,783.3333333
Chronos-2-FT-LoRA,Pakistan,Family Planning,3,470.3333333
Chronos-2-FT-LoRA,Pakistan,Family Planning,6,390.4333333
Chronos-2-FT-LoRA-Full,Côte d'Ivoire,Family Planning,1,755.3333333
Chronos-2-FT-LoRA-Full,Côte d'Ivoire,Family Planning,3,463.2333333
Chronos-2-FT-LoRA-Full,Côte d'Ivoire,Family Planning,6,375.5333333
Chronos-2-FT-LoRA-Full,Lao,Family Planning,1,779.9333333
Chronos-2-FT-LoRA-Full,Lao,Family Planning,3,464.9333333
Chronos-2-FT-LoRA-Full,Lao,Family Planning,6,376.2333333
Chronos-2-FT-LoRA-Full,Pakistan,Family Planning,1,945.1333333
Chronos-2-FT-LoRA-Full,Pakistan,Family Planning,3,509.2333333
Chronos-2-FT-LoRA-Full,Pakistan,Family Planning,6,382.2333333
Moirai-1.0-R-base,Côte d'Ivoire,Family Planning,1,43696.9
Moirai-1.0-R-base,Côte d'Ivoire,Family Planning,3,10843.3
Moirai-1.0-R-base,Côte d'Ivoire,Family Planning,6,5398.4
Moirai-1.0-R-base,Lao,Family Planning,1,60594.5
Moirai-1.0-R-base,Lao,Family Planning,3,11321.3
Moirai-1.0-R-base,Lao,Family Planning,6,5653.7
Moirai-1.0-R-base,Pakistan,Family Planning,1,62950.6
Moirai-1.0-R-base,Pakistan,Family Planning,3,24771.5
Moirai-1.0-R-base,Pakistan,Family Planning,6,5240.9
TimesFM-2.5-200m,Côte d'Ivoire,Family Planning,1,31065
TimesFM-2.5-200m,Côte d'Ivoire,Family Planning,3,13127
TimesFM-2.5-200m,Côte d'Ivoire,Family Planning,6,3015
TimesFM-2.5-200m,Lao,Family Planning,1,30018.5
TimesFM-2.5-200m,Lao,Family Planning,3,6413.5
TimesFM-2.5-200m,Lao,Family Planning,6,3143.5
TimesFM-2.5-200m,Pakistan,Family Planning,1,19123.2
TimesFM-2.5-200m,Pakistan,Family Planning,3,13266.5
TimesFM-2.5-200m,Pakistan,Family Planning,6,6910.3
Chronos-t5-base,Côte d'Ivoire,Family Planning,1,157093.5
Chronos-t5-base,Côte d'Ivoire,Family Planning,3,449340
Chronos-t5-base,Côte d'Ivoire,Family Planning,6,148760
Chronos-t5-base,Lao,Family Planning,1,
Chronos-t5-base,Lao,Family Planning,3,
Chronos-t5-base,Lao,Family Planning,6,
Chronos-t5-base,Pakistan,Family Planning,1,
Chronos-t5-base,Pakistan,Family Planning,3,
Chronos-t5-base,Pakistan,Family Planning,6,
Naive,Lao,Pharmaceutical,1,174.6
Naive,Lao,Pharmaceutical,3,61.6
Naive,Lao,Pharmaceutical,6,37.6
Mean,Lao,Pharmaceutical,1,173.3
Mean,Lao,Pharmaceutical,3,66
Mean,Lao,Pharmaceutical,6,42.4
AutoETS,Lao,Pharmaceutical,1,1106.7
AutoETS,Lao,Pharmaceutical,3,378.3
AutoETS,Lao,Pharmaceutical,6,177.7
Chronos-2,Lao,Pharmaceutical,1,3539.3
Chronos-2,Lao,Pharmaceutical,3,1042.4
Chronos-2,Lao,Pharmaceutical,6,156.8
Chronos-2-small,Lao,Pharmaceutical,1,695
Chronos-2-small,Lao,Pharmaceutical,3,76.2
Chronos-2-small,Lao,Pharmaceutical,6,32
Chronos-2-FT-Full,Lao,Pharmaceutical,1,11806.33333
Chronos-2-FT-Full,Lao,Pharmaceutical,3,1045.233333
Chronos-2-FT-Full,Lao,Pharmaceutical,6,732.0333333
FlowState-R1,Lao,Pharmaceutical,1,11517.5
FlowState-R1,Lao,Pharmaceutical,3,2219.5
FlowState-R1,Lao,Pharmaceutical,6,1589.7
FlowState,Lao,Pharmaceutical,1,5148.8
FlowState,Lao,Pharmaceutical,3,1721.8
FlowState,Lao,Pharmaceutical,6,1435.3
Chronos-bolt-tiny,Lao,Pharmaceutical,1,1004.7
Chronos-bolt-tiny,Lao,Pharmaceutical,3,413.3
Chronos-bolt-tiny,Lao,Pharmaceutical,6,112.3
Chronos-bolt-mini,Lao,Pharmaceutical,1,4214.9
Chronos-bolt-mini,Lao,Pharmaceutical,3,1606.8
Chronos-bolt-mini,Lao,Pharmaceutical,6,235.3
Chronos-bolt-small,Lao,Pharmaceutical,1,20175.6
Chronos-bolt-small,Lao,Pharmaceutical,3,5259.7
Chronos-bolt-small,Lao,Pharmaceutical,6,3042.2
AutoARIMA,Lao,Pharmaceutical,1,36359.4
AutoARIMA,Lao,Pharmaceutical,3,21690.3
AutoARIMA,Lao,Pharmaceutical,6,6430.4
Moirai-2.0-R-small,Lao,Pharmaceutical,1,336243
Moirai-2.0-R-small,Lao,Pharmaceutical,3,78821
Moirai-2.0-R-small,Lao,Pharmaceutical,6,25690.4
